1049108254,"Collectibles"
1049108254,"Housewares & Kitchenware"
1049108254,"Kitchenware"
1049108254,"Salt, Pepper Shakers"
1049108254,"Figurals"
1049108440,"Collectibles"
1049108440,"Pop Culture"
1049108440,"Pinbacks"
1049109437,"Collectibles"
1049109437,"Decorative & Holiday"
1049109437,"Decorative by Brand"
1049109437,"Hummel, Goebel"
1049109437,"Figurines"
1049109675,"Collectibles"
1049109675,"Pop Culture"
1049109675,"Comics"
1049109675,"Original Comic Art"
1049109675,"Comic Strip Art"
1049110796,"Collectibles"
1049110796,"Housewares & Kitchenware"
1049110796,"Textiles"
1049110796,"Tapestries"
1049111497,"Collectibles"
1049111497,"Decorative & Holiday"
1049111497,"Decorative by Brand"
1049111497,"Harmony Kingdom"
1049111512,"Collectibles"
1049111512,"Housewares & Kitchenware"
1049111512,"Kitchenware"
1049111512,"Small Appliances"
1049111512,"Mixers"
1049113213,"Collectibles"
1049113213,"Housewares & Kitchenware"
1049113213,"Kitchenware"
1049113213,"Utensils"
1049113213,"Choppers"
1049114064,"Collectibles"
1049114064,"Pop Culture"
1049114064,"Lunchboxes, Thermoses"
1049114064,"Vintage Metal"
1049115447,"Collectibles"
1049115447,"Housewares & Kitchenware"
1049115447,"Tableware"
1049115447,"Open Salts"
1049116901,"Collectibles"
1049116901,"Pop Culture"
1049116901,"Trading Cards"
1049116901,"Science Fiction"
1049116901,"Other Sci-Fi"
1049117062,"Collectibles"
1049117062,"Decorative & Holiday"
1049117062,"Decorative by Brand"
1049117062,"Hallmark"
1049117062,"Series Ornaments"
1049118492,"Collectibles"
1049118492,"Pop Culture"
1049118492,"Lunchboxes, Thermoses"
1049118492,"Vintage Metal"
1049119156,"Collectibles"
1049119156,"Decorative & Holiday"
1049119156,"Decorative by Brand"
1049119156,"Hallmark"
1049119156,"Series Ornaments"
1049119320,"Collectibles"
1049119320,"Housewares & Kitchenware"
1049119320,"Kitchenware"
1049119320,"Bakeware"
1049120160,"Collectibles"
1049120160,"Pop Culture"
1049120160,"Lunchboxes, Thermoses"
1049120160,"Vintage Metal"
1049121259,"Collectibles"
1049121259,"Housewares & Kitchenware"
1049121259,"Kitchenware"
1049121259,"Tea Kettles"
1049121677,"Collectibles"
1049121677,"Pop Culture"
1049121677,"Trading Cards"
1049121677,"Comic"
1049123847,"Collectibles"
1049123847,"Decorative & Holiday"
1049123847,"Decorative by Brand"
1049123847,"Longaberger"
1049123847,"Baskets"
1049124190,"Collectibles"
1049124190,"Pop Culture"
1049124190,"Promo Glasses"
1049125348,"Collectibles"
1049125348,"Housewares & Kitchenware"
1049125348,"Tableware"
1049125348,"Flatware"
1049125484,"Collectibles"
1049125484,"Housewares & Kitchenware"
1049125484,"Bottles: Antique (Pre-1900)"
1049125484,"Hair, Skin Care"
1049128143,"Collectibles"
1049128143,"Decorative & Holiday"
1049128143,"Decorative by Brand"
1049128143,"Enesco"
1049128143,"Cherished Teddies"
1049128286,"Collectibles"
1049128286,"Pop Culture"
1049128286,"Trading Cards"
1049128286,"Other Non-Sports"
1049129068,"Collectibles"
1049129068,"Decorative & Holiday"
1049129068,"Decorative by Brand"
1049129068,"Enesco"
1049129068,"Precious Moments"
1049130291,"Collectibles"
1049130291,"Housewares & Kitchenware"
1049130291,"Bottles: Modern (1900-Now)"
1049130291,"Sodas"
1049130819,"Collectibles"
1049130819,"Housewares & Kitchenware"
1049130819,"Kitchenware"
1049130819,"Salt, Pepper Shakers"
1049130819,"Figurals"
1049131438,"Collectibles"
1049131438,"Decorative & Holiday"
1049131438,"Decorative by Brand"
1049131438,"Lenox"
1049131438,"Other Lenox Collectibles"
1049133018,"Collectibles"
1049133018,"Decorative & Holiday"
1049133018,"Decorative by Brand"
1049133018,"Hallmark"
1049133018,"Series Ornaments"
1049133366,"Collectibles"
1049133366,"Decorative & Holiday"
1049133366,"Decorative by Brand"
1049133366,"Longaberger"
1049133366,"Tie-ons"
1049134001,"Collectibles"
1049134001,"Housewares & Kitchenware"
1049134001,"Kitchenware"
1049134001,"Small Appliances"
1049134001,"Toasters"
1049135764,"Collectibles"
1049135764,"Housewares & Kitchenware"
1049135764,"Textiles"
1049135764,"Table Linens"
1049135764,"Napkins, Placemats, Runners"
1049136513,"Collectibles"
1049136513,"Decorative & Holiday"
1049136513,"Decorative by Brand"
1049136513,"Hallmark"
1049136513,"Series Ornaments"
1049136569,"Collectibles"
1049136569,"Decorative & Holiday"
1049136569,"Decorative by Brand"
1049136569,"Hallmark"
1049136569,"Series Ornaments"
1049136648,"Collectibles"
1049136648,"Pop Culture"
1049136648,"Pinbacks"
1049140241,"Collectibles"
1049140241,"Housewares & Kitchenware"
1049140241,"Kitchenware"
1049140241,"Cookie Jars"
1049140241,"Modern (1970-Now)"
1049140840,"Collectibles"
1049140840,"Pop Culture"
1049140840,"Comics"
1049140840,"Modern Age (1980-Now)"
1049140840,"Superhero"
1049140996,"Collectibles"
1049140996,"Housewares & Kitchenware"
1049140996,"Kitchenware"
1049140996,"Egg Cups"
1049143776,"Collectibles"
1049143776,"Pop Culture"
1049143776,"Comics"
1049143776,"Bronze Age (1970-79)"
1049143776,"Superhero"
1049144077,"Collectibles"
1049144077,"Decorative & Holiday"
1049144077,"Decorative by Brand"
1049144077,"Dept 56"
1049144077,"Dickens Village"
1049144813,"Collectibles"
1049144813,"Pop Culture"
1049144813,"Trading Cards"
1049144813,"Science Fiction"
1049144813,"Star Trek"
1049145052,"Collectibles"
1049145052,"Pop Culture"
1049145052,"Comics"
1049145052,"Other Comics"
1049145408,"Collectibles"
1049145408,"Decorative & Holiday"
1049145408,"Decorative by Brand"
1049145408,"Cat's Meow Village"
1049145481,"Collectibles"
1049145481,"Decorative & Holiday"
1049145481,"Decorative by Brand"
1049145481,"Hallmark"
1049145481,"Ornaments"
1049146942,"Collectibles"
1049146942,"Pop Culture"
1049146942,"Trading Cards"
1049146942,"Science Fiction"
1049146942,"Star Wars"
1049147367,"Collectibles"
1049147367,"Decorative & Holiday"
1049147367,"Decorative by Brand"
1049147367,"Josef"
1049148097,"Collectibles"
1049148097,"Pop Culture"
1049148097,"Comics"
1049148097,"Bronze Age (1970-79)"
1049148097,"Superhero"
1049148181,"Collectibles"
1049148181,"Housewares & Kitchenware"
1049148181,"Kitchenware"
1049148181,"Molds"
1049148627,"Collectibles"
1049148627,"Pop Culture"
1049148627,"Science Fiction"
1049148627,"Planet of the Apes"
1049149244,"Collectibles"
1049149244,"Pop Culture"
1049149244,"Comics"
1049149244,"Full Runs"
1049150068,"Collectibles"
1049150068,"Pop Culture"
1049150068,"Comics"
1049150068,"Modern Age (1980-Now)"
1049150068,"Superhero"
1049150796,"Collectibles"
1049150796,"Decorative & Holiday"
1049150796,"Decorative by Brand"
1049150796,"Hallmark"
1049150796,"Series Ornaments"
1049151008,"Collectibles"
1049151008,"Housewares & Kitchenware"
1049151008,"Textiles"
1049151008,"Fabric"
1049151290,"Collectibles"
1049151290,"Pop Culture"
1049151290,"Comics"
1049151290,"Modern Age (1980-Now)"
1049151290,"Superhero"
1049152721,"Collectibles"
1049152721,"Housewares & Kitchenware"
1049152721,"Bottles: Modern (1900-Now)"
1049152721,"Milk"
1049152965,"Collectibles"
1049152965,"Housewares & Kitchenware"
1049152965,"Textiles"
1049152965,"Fabric"
1049153828,"Collectibles"
1049153828,"Decorative & Holiday"
1049153828,"Decorative by Brand"
1049153828,"Hallmark"
1049153828,"Ornaments"
1049154522,"Collectibles"
1049154522,"Decorative & Holiday"
1049154522,"Decorative by Brand"
1049154522,"Hallmark"
1049154522,"Ornaments"
1049154715,"Collectibles"
1049154715,"Housewares & Kitchenware"
1049154715,"Textiles"
1049154715,"Tapestries"
1049154817,"Collectibles"
1049154817,"Decorative & Holiday"
1049154817,"Decorative by Brand"
1049154817,"Hallmark"
1049154817,"Other Hallmark Collectibles"
1049155456,"Collectibles"
1049155456,"Housewares & Kitchenware"
1049155456,"Textiles"
1049155456,"Tapestries"
1049156320,"Collectibles"
1049156320,"Decorative & Holiday"
1049156320,"Decorative by Brand"
1049156320,"Enesco"
1049156320,"Friends of the Feather"
1049156556,"Collectibles"
1049156556,"Decorative & Holiday"
1049156556,"Decorative by Brand"
1049156556,"Hallmark"
1049156556,"Series Ornaments"
1049156597,"Collectibles"
1049156597,"Decorative & Holiday"
1049156597,"Decorative by Brand"
1049156597,"Hallmark"
1049156597,"Ornaments"
1049157037,"Collectibles"
1049157037,"Housewares & Kitchenware"
1049157037,"Textiles"
1049157037,"Fabric"
1049157107,"Collectibles"
1049157107,"Pop Culture"
1049157107,"Trading Cards"
1049157107,"Science Fiction"
1049157107,"Star Wars"
1049158290,"Collectibles"
1049158290,"Pop Culture"
1049158290,"Comics"
1049158290,"Silver Age (1956-69)"
1049158290,"Superhero"
1049158419,"Collectibles"
1049158419,"Pop Culture"
1049158419,"Comics"
1049158419,"Modern Age (1980-Now)"
1049158419,"Superhero"
1049158972,"Collectibles"
1049158972,"Decorative & Holiday"
1049158972,"Decorative by Brand"
1049158972,"Hallmark"
1049158972,"Ornaments"
1049159067,"Collectibles"
1049159067,"Housewares & Kitchenware"
1049159067,"Bottles: Modern (1900-Now)"
1049159067,"Other Modern Bottles"
1049159437,"Collectibles"
1049159437,"Decorative & Holiday"
1049159437,"Decorative by Brand"
1049159437,"Hallmark"
1049159437,"Series Ornaments"
1049159676,"Clothing & Accessories"
1049159676,"Men"
1049159676,"Clothing: Regular"
1049159676,"Shirts"
1049159676,"Casual"
1049159676,"Long Sleeve"
1049159998,"Collectibles"
1049159998,"Pop Culture"
1049159998,"Comics"
1049159998,"Modern Age (1980-Now)"
1049159998,"Superhero"
1049160086,"Collectibles"
1049160086,"Decorative & Holiday"
1049160086,"Decorative by Brand"
1049160086,"Enesco"
1049160086,"Lucy & Me"
1049161284,"Collectibles"
1049161284,"Housewares & Kitchenware"
1049161284,"Textiles"
1049161284,"Lace, Crochet, Doilies"
1049162647,"Collectibles"
1049162647,"Pop Culture"
1049162647,"Trading Cards"
1049162647,"Science Fiction"
1049162647,"Other Sci-Fi"
1049163699,"Collectibles"
1049163699,"Decorative & Holiday"
1049163699,"Decorative by Brand"
1049163699,"Hallmark"
1049163699,"Other Hallmark Collectibles"
1049164718,"Collectibles"
1049164718,"Pop Culture"
1049164718,"Comics"
1049164718,"Modern Age (1980-Now)"
1049164718,"Superhero"
1049165111,"Collectibles"
1049165111,"Decorative & Holiday"
1049165111,"Decorative by Brand"
1049165111,"Dept 56"
1049165111,"Dickens Village"
1049165835,"Collectibles"
1049165835,"Pop Culture"
1049165835,"Comics"
1049165835,"International"
1049165835,"Japan"
1049167877,"Collectibles"
1049167877,"Decorative & Holiday"
1049167877,"Decorative by Brand"
1049167877,"Swarovski"
1049167877,"Other Swarovski Items"
1049168076,"Collectibles"
1049168076,"Pop Culture"
1049168076,"Comics"
1049168076,"Modern Age (1980-Now)"
1049168076,"Superhero"
1049168611,"Collectibles"
1049168611,"Decorative & Holiday"
1049168611,"Decorative by Brand"
1049168611,"Enesco"
1049168611,"Other Enesco Items"
1049168715,"Collectibles"
1049168715,"Pop Culture"
1049168715,"Comics"
1049168715,"Modern Age (1980-Now)"
1049168715,"Superhero"
1049169223,"Collectibles"
1049169223,"Housewares & Kitchenware"
1049169223,"Kitchenware"
1049169223,"Salt, Pepper Shakers"
1049169223,"Figurals"
1049169622,"Collectibles"
1049169622,"Pop Culture"
1049169622,"Comics"
1049169622,"Modern Age (1980-Now)"
1049169622,"Superhero"
1049171935,"Collectibles"
1049171935,"Decorative & Holiday"
1049171935,"Decorative by Brand"
1049171935,"Dept 56"
1049171935,"Snow Village"
1049172543,"Collectibles"
1049172543,"Pop Culture"
1049172543,"Comics"
1049172543,"Modern Age (1980-Now)"
1049172543,"Movie, TV"
1049173204,"Collectibles"
1049173204,"Pop Culture"
1049173204,"Comics"
1049173204,"Modern Age (1980-Now)"
1049173204,"Superhero"
1049173595,"Collectibles"
1049173595,"Decorative & Holiday"
1049173595,"Decorative by Brand"
1049173595,"Harbour Lights"
1049174068,"Collectibles"
1049174068,"Housewares & Kitchenware"
1049174068,"Kitchenware"
1049174068,"Salt, Pepper Shakers"
1049174068,"Figurals"
1049174711,"Collectibles"
1049174711,"Housewares & Kitchenware"
1049174711,"Textiles"
1049174711,"Feed Sacks, Flour Sacks"
1049174724,"Collectibles"
1049174724,"Decorative & Holiday"
1049174724,"Decorative by Brand"
1049174724,"Enesco"
1049174724,"My Blushing Bunnies"
1049175236,"Collectibles"
1049175236,"Housewares & Kitchenware"
1049175236,"Textiles"
1049175236,"Fabric"
1049175340,"Collectibles"
1049175340,"Housewares & Kitchenware"
1049175340,"Magnets"
1049176244,"Collectibles"
1049176244,"Pop Culture"
1049176244,"Comics"
1049176244,"Figurines"
1049176328,"Collectibles"
1049176328,"Decorative & Holiday"
1049176328,"Decorative by Brand"
1049176328,"Enesco"
1049176328,"Mary's Moo Moos"
1049178479,"Collectibles"
1049178479,"Pop Culture"
1049178479,"Nodders"
1049178479,"Modern (1970-Now)"
1049178513,"Collectibles"
1049178513,"Housewares & Kitchenware"
1049178513,"Bottles: Antique (Pre-1900)"
1049178513,"Inks"
1049179067,"Collectibles"
1049179067,"Housewares & Kitchenware"
1049179067,"Textiles"
1049179067,"Other Textiles"
1049180776,"Collectibles"
1049180776,"Pop Culture"
1049180776,"Comics"
1049180776,"Modern Age (1980-Now)"
1049180776,"Other Modern Age"
1049181111,"Collectibles"
1049181111,"Pop Culture"
1049181111,"Comics"
1049181111,"Modern Age (1980-Now)"
1049181111,"Superhero"
1049182827,"Collectibles"
1049182827,"Pop Culture"
1049182827,"Comics"
1049182827,"Modern Age (1980-Now)"
1049182827,"Superhero"
1049182863,"Collectibles"
1049182863,"Decorative & Holiday"
1049182863,"Decorative by Brand"
1049182863,"Roman"
1049182863,"Fontanini"
1049183186,"Collectibles"
1049183186,"Pop Culture"
1049183186,"Comics"
1049183186,"Modern Age (1980-Now)"
1049183186,"Superhero"
1049183909,"Collectibles"
1049183909,"Housewares & Kitchenware"
1049183909,"Bottles: Modern (1900-Now)"
1049183909,"Sodas"
1049186813,"Collectibles"
1049186813,"Decorative & Holiday"
1049186813,"Decorative by Brand"
1049186813,"Longaberger"
1049186813,"Other Longaberger Items"
1049186830,"Collectibles"
1049186830,"Housewares & Kitchenware"
1049186830,"Textiles"
1049186830,"Fabric"
1049187163,"Collectibles"
1049187163,"Decorative & Holiday"
1049187163,"Decorative by Brand"
1049187163,"Enesco"
1049187163,"Other Enesco Items"
1049187956,"Collectibles"
1049187956,"Pop Culture"
1049187956,"Comics"
1049187956,"Silver Age (1956-69)"
1049187956,"Superhero"
1049188857,"Collectibles"
1049188857,"Pop Culture"
1049188857,"Nodders"
1049188857,"Modern (1970-Now)"
1049188864,"Collectibles"
1049188864,"Housewares & Kitchenware"
1049188864,"Kitchenware"
1049188864,"Cookie Jars"
1049188864,"Vintage (Pre-1970)"
1049190559,"Collectibles"
1049190559,"Pop Culture"
1049190559,"Comics"
1049190559,"Modern Age (1980-Now)"
1049190559,"Superhero"
1049190575,"Collectibles"
1049190575,"Pop Culture"
1049190575,"Comics"
1049190575,"Modern Age (1980-Now)"
1049190575,"Superhero"
1049190604,"Collectibles"
1049190604,"Decorative & Holiday"
1049190604,"Decorative by Brand"
1049190604,"Harmony Kingdom"
1049190898,"Collectibles"
1049190898,"Pop Culture"
1049190898,"Trading Cards"
1049190898,"Other Non-Sports"
1049191537,"Collectibles"
1049191537,"Pop Culture"
1049191537,"Comics"
1049191537,"Modern Age (1980-Now)"
1049191537,"Superhero"
1049191647,"Collectibles"
1049191647,"Decorative & Holiday"
1049191647,"Decorative by Brand"
1049191647,"Boyds"
1049192271,"Collectibles"
1049192271,"Pop Culture"
1049192271,"Comics"
1049192271,"Modern Age (1980-Now)"
1049192271,"Superhero"
1049193014,"Collectibles"
1049193014,"Decorative & Holiday"
1049193014,"Decorative by Brand"
1049193014,"Hallmark"
1049193014,"Ornaments"
1049193532,"Collectibles"
1049193532,"Decorative & Holiday"
1049193532,"Decorative by Brand"
1049193532,"Hallmark"
1049193532,"Other Hallmark Collectibles"
1049193762,"Collectibles"
1049193762,"Decorative & Holiday"
1049193762,"Decorative by Brand"
1049193762,"Hallmark"
1049193762,"Ornaments"
1049195251,"Movies & Television"
1049195251,"Memorabilia"
1049195251,"Movie"
1049195251,"Wardrobe"
1049195304,"Collectibles"
1049195304,"Housewares & Kitchenware"
1049195304,"Textiles"
1049195304,"Fabric"
1049195935,"Collectibles"
1049195935,"Housewares & Kitchenware"
1049195935,"Textiles"
1049195935,"Fabric"
1049196406,"Collectibles"
1049196406,"Pop Culture"
1049196406,"Comics"
1049196406,"Figurines"
1049196599,"Collectibles"
1049196599,"Pop Culture"
1049196599,"Comics"
1049196599,"Figurines"
1049196686,"Collectibles"
1049196686,"Pop Culture"
1049196686,"Comics"
1049196686,"Modern Age (1980-Now)"
1049196686,"Other Modern Age"
1049197215,"Collectibles"
1049197215,"Pop Culture"
1049197215,"Keychains"
1049197239,"Collectibles"
1049197239,"Pop Culture"
1049197239,"Comics"
1049197239,"Modern Age (1980-Now)"
1049197239,"Superhero"
1049197464,"Collectibles"
1049197464,"Advertising"
1049197464,"Tobacciana"
1049197464,"Cigarette"
1049197464,"Kool"
1049198442,"Collectibles"
1049198442,"Pop Culture"
1049198442,"Comics"
1049198442,"Modern Age (1980-Now)"
1049198442,"Superhero"
1049198860,"Collectibles"
1049198860,"Pop Culture"
1049198860,"Comics"
1049198860,"Bronze Age (1970-79)"
1049198860,"Superhero"
1049198982,"Collectibles"
1049198982,"Decorative & Holiday"
1049198982,"Decorative by Brand"
1049198982,"Enesco"
1049198982,"Precious Moments"
1049199017,"Collectibles"
1049199017,"Pop Culture"
1049199017,"Science Fiction"
1049199017,"Star Wars"
1049199189,"Collectibles"
1049199189,"Decorative & Holiday"
1049199189,"Decorative by Brand"
1049199189,"Hallmark"
1049199189,"Other Hallmark Collectibles"
1049199748,"Collectibles"
1049199748,"Decorative & Holiday"
1049199748,"Decorative by Brand"
1049199748,"Enesco"
1049199748,"Precious Moments"
1049203377,"Collectibles"
1049203377,"Pop Culture"
1049203377,"Science Fiction"
1049203377,"Other Sci-Fi"
1049203532,"Collectibles"
1049203532,"Housewares & Kitchenware"
1049203532,"Bottles: Antique (Pre-1900)"
1049203532,"Sodas"
1049203535,"Collectibles"
1049203535,"Pop Culture"
1049203535,"Pinbacks"
1049205317,"Movies & Television"
1049205317,"Video, Film"
1049205317,"VHS"
1049205317,"Action, Adventure"
1049205588,"Collectibles"
1049205588,"Decorative & Holiday"
1049205588,"Decorative by Brand"
1049205588,"Hamilton Collector Plates"
1049205617,"Collectibles"
1049205617,"Decorative & Holiday"
1049205617,"Decorative by Brand"
1049205617,"Hallmark"
1049205617,"Series Ornaments"
1049206488,"Collectibles"
1049206488,"Pop Culture"
1049206488,"Pinbacks"
1049206753,"Collectibles"
1049206753,"Pop Culture"
1049206753,"Comics"
1049206753,"Graphic Novels, TPBs"
1049207556,"Collectibles"
1049207556,"Pop Culture"
1049207556,"Magic"
1049207556,"Other Magic Items"
1049207694,"Collectibles"
1049207694,"Decorative & Holiday"
1049207694,"Decorative by Brand"
1049207694,"Hallmark"
1049207694,"Ornaments"
1049207955,"Collectibles"
1049207955,"Decorative & Holiday"
1049207955,"Decorative by Brand"
1049207955,"Avon"
1049207955,"Bottles"
1049208167,"Collectibles"
1049208167,"Decorative & Holiday"
1049208167,"Decorative by Brand"
1049208167,"HOMCO"
1049208273,"Collectibles"
1049208273,"Decorative & Holiday"
1049208273,"Decorative by Brand"
1049208273,"Hallmark"
1049208273,"Ornaments"
1049208593,"Movies & Television"
1049208593,"Video, Film"
1049208593,"DVD"
1049208593,"Martial Arts"
1049209629,"Collectibles"
1049209629,"Decorative & Holiday"
1049209629,"Decorative by Brand"
1049209629,"Hallmark"
1049209629,"Ornaments"
1049210719,"Collectibles"
1049210719,"Decorative & Holiday"
1049210719,"Decorative by Brand"
1049210719,"Dept 56"
1049210719,"Christmas in the City"
1049210935,"Movies & Television"
1049210935,"Video, Film"
1049210935,"VHS"
1049210935,"Other"
1049210994,"Movies & Television"
1049210994,"Video, Film"
1049210994,"VHS"
1049210994,"Other"
1049211049,"Movies & Television"
1049211049,"Video, Film"
1049211049,"DVD"
1049211049,"Other"
1049211068,"Movies & Television"
1049211068,"Video, Film"
1049211068,"VHS"
1049211068,"Other"
1049211094,"Movies & Television"
1049211094,"Video, Film"
1049211094,"VHS"
1049211094,"Other"
1049211154,"Movies & Television"
1049211154,"Video, Film"
1049211154,"VHS"
1049211154,"Other"
1049211177,"Movies & Television"
1049211177,"Video, Film"
1049211177,"VHS"
1049211177,"Other"
1049211380,"Movies & Television"
1049211380,"Video, Film"
1049211380,"VHS"
1049211380,"Other"
1049212451,"Collectibles"
1049212451,"Decorative & Holiday"
1049212451,"Decorative by Brand"
1049212451,"Swarovski"
1049212451,"Figurines"
1049213407,"Collectibles"
1049213407,"Pop Culture"
1049213407,"Trading Cards"
1049213407,"Comic"
1049213503,"Collectibles"
1049213503,"Pop Culture"
1049213503,"Trading Cards"
1049213503,"Comic"
1049213612,"Collectibles"
1049213612,"Decorative & Holiday"
1049213612,"Decorative by Brand"
1049213612,"Fitz & Floyd"
1049213612,"Figurines"
1049214101,"Collectibles"
1049214101,"Decorative & Holiday"
1049214101,"Decorative by Brand"
1049214101,"Harmony Kingdom"
1049214158,"Movies & Television"
1049214158,"Video, Film"
1049214158,"DVD"
1049214158,"Drama"
1049214645,"Collectibles"
1049214645,"Advertising"
1049214645,"Breweriana"
1049214645,"Cans: Non-US"
1049215282,"Collectibles"
1049215282,"Pop Culture"
1049215282,"Science Fiction"
1049215282,"Xena"
1049223933,"Collectibles"
1049223933,"Pop Culture"
1049223933,"Science Fiction"
1049223933,"Xena"
1049226529,"Collectibles"
1049226529,"Decorative & Holiday"
1049226529,"Decorative by Brand"
1049226529,"Longaberger"
1049226529,"Baskets"
1049228955,"Collectibles"
1049228955,"Pop Culture"
1049228955,"Science Fiction"
1049228955,"Star Wars"
1049229224,"Collectibles"
1049229224,"Pop Culture"
1049229224,"Comics"
1049229224,"Collections"
1049230685,"Collectibles"
1049230685,"Decorative & Holiday"
1049230685,"Decorative by Brand"
1049230685,"Hummel, Goebel"
1049230685,"Figurines"
1049231442,"Collectibles"
1049231442,"Pop Culture"
1049231442,"Comics"
1049231442,"Figurines"
1049234366,"Collectibles"
1049234366,"Housewares & Kitchenware"
1049234366,"Bottles: Modern (1900-Now)"
1049234366,"Milk"
1049238535,"Collectibles"
1049238535,"Decorative & Holiday"
1049238535,"Decorative by Brand"
1049238535,"Dept 56"
1049238535,"Dickens Village"
1049239746,"Collectibles"
1049239746,"Pop Culture"
1049239746,"Lunchboxes, Thermoses"
1049239746,"Vintage Metal"
1049240299,"Collectibles"
1049240299,"Pop Culture"
1049240299,"Science Fiction"
1049240299,"Other Sci-Fi"
1049241233,"Collectibles"
1049241233,"Pop Culture"
1049241233,"Keychains"
1049243487,"Collectibles"
1049243487,"Pop Culture"
1049243487,"Comics"
1049243487,"Silver Age (1956-69)"
1049243487,"War"
1049244253,"Collectibles"
1049244253,"Decorative & Holiday"
1049244253,"Decorative by Brand"
1049244253,"Bradford Exchange"
1049244253,"Collector Plates"
1049244806,"Collectibles"
1049244806,"Decorative & Holiday"
1049244806,"Decorative by Brand"
1049244806,"Hallmark"
1049244806,"Series Ornaments"
1049246433,"Collectibles"
1049246433,"Housewares & Kitchenware"
1049246433,"Bottles: Antique (Pre-1900)"
1049246433,"Pickles, Sauces, Other Food"
1049247664,"Collectibles"
1049247664,"Housewares & Kitchenware"
1049247664,"Kitchenware"
1049247664,"Tupperware"
1049247664,"Contemporary (1970-Now)"
1049249082,"Collectibles"
1049249082,"Housewares & Kitchenware"
1049249082,"Kitchenware"
1049249082,"Other Kitchenware"
1049251176,"Collectibles"
1049251176,"Housewares & Kitchenware"
1049251176,"Textiles"
1049251176,"Fabric"
1049251487,"Collectibles"
1049251487,"Decorative & Holiday"
1049251487,"Decorative by Brand"
1049251487,"Franklin Mint"
1049251487,"Collector Plates"
1049253058,"Collectibles"
1049253058,"Pop Culture"
1049253058,"Trading Cards"
1049253058,"Phone Cards"
1049253684,"Collectibles"
1049253684,"Decorative & Holiday"
1049253684,"Decorative by Brand"
1049253684,"Lefton Figurines"
1049257144,"Collectibles"
1049257144,"Decorative & Holiday"
1049257144,"Decorative by Brand"
1049257144,"Hallmark"
1049257144,"Miniature Ornaments"
1049259514,"Collectibles"
1049259514,"Decorative & Holiday"
1049259514,"Decorative by Brand"
1049259514,"Swarovski"
1049259514,"Figurines"
1049261312,"Collectibles"
1049261312,"Decorative & Holiday"
1049261312,"Decorative by Brand"
1049261312,"Franklin Mint"
1049261312,"Figurines"
1049267214,"Collectibles"
1049267214,"Pop Culture"
1049267214,"Comics"
1049267214,"Modern Age (1980-Now)"
1049267214,"Superhero"
1049268166,"Collectibles"
1049268166,"Pop Culture"
1049268166,"Pinbacks"
1049268353,"Antiques & Art"
1049268353,"Antiques"
1049268353,"Decorative Arts"
1049268353,"Other"
1049268470,"Collectibles"
1049268470,"Decorative & Holiday"
1049268470,"Decorative by Brand"
1049268470,"Hallmark"
1049268470,"Series Ornaments"
1049268805,"Collectibles"
1049268805,"Decorative & Holiday"
1049268805,"Decorative by Brand"
1049268805,"Hallmark"
1049268805,"Other Hallmark Collectibles"
1049268872,"Collectibles"
1049268872,"Pop Culture"
1049268872,"Magic"
1049268872,"Books"
1049270133,"Collectibles"
1049270133,"Advertising"
1049270133,"Tobacciana"
1049270133,"Cigarette"
1049270133,"Winston"
1049270502,"Collectibles"
1049270502,"Pop Culture"
1049270502,"Comics"
1049270502,"Silver Age (1956-69)"
1049270502,"Superhero"
1049270647,"Collectibles"
1049270647,"Decorative & Holiday"
1049270647,"Decorative by Brand"
1049270647,"Hallmark"
1049270647,"Ornaments"
1049272217,"Collectibles"
1049272217,"Decorative & Holiday"
1049272217,"Decorative by Brand"
1049272217,"Enesco"
1049272217,"Precious Moments"
1049272510,"Collectibles"
1049272510,"Pop Culture"
1049272510,"Comics"
1049272510,"Bronze Age (1970-79)"
1049272510,"Superhero"
1049272827,"Collectibles"
1049272827,"Pop Culture"
1049272827,"Comics"
1049272827,"Silver Age (1956-69)"
1049272827,"Other Silver Age"
1049272910,"Collectibles"
1049272910,"Pop Culture"
1049272910,"Comics"
1049272910,"Silver Age (1956-69)"
1049272910,"Superhero"
1049275887,"Clothing & Accessories"
1049275887,"Men"
1049275887,"Clothing: Regular"
1049275887,"Exercise, Fitness"
1049275887,"Other Items"
1049276660,"Collectibles"
1049276660,"Pop Culture"
1049276660,"Comics"
1049276660,"Other Comics"
1049276948,"Collectibles"
1049276948,"Decorative & Holiday"
1049276948,"Decorative by Brand"
1049276948,"Harbour Lights"
1049278680,"Collectibles"
1049278680,"Decorative & Holiday"
1049278680,"Decorative by Brand"
1049278680,"Hallmark"
1049278680,"Ornaments"
1049278916,"Collectibles"
1049278916,"Decorative & Holiday"
1049278916,"Decorative by Brand"
1049278916,"Enesco"
1049278916,"Precious Moments"
1049279704,"Collectibles"
1049279704,"Pop Culture"
1049279704,"Comics"
1049279704,"Modern Age (1980-Now)"
1049279704,"Superhero"
1049280212,"Collectibles"
1049280212,"Housewares & Kitchenware"
1049280212,"Kitchenware"
1049280212,"Tupperware"
1049280212,"Contemporary (1970-Now)"
1049281600,"Collectibles"
1049281600,"Decorative & Holiday"
1049281600,"Decorative by Brand"
1049281600,"Hallmark"
1049281600,"Other Hallmark Collectibles"
1049282673,"Collectibles"
1049282673,"Decorative & Holiday"
1049282673,"Decorative by Brand"
1049282673,"Tom Clark"
1049284045,"Collectibles"
1049284045,"Decorative & Holiday"
1049284045,"Decorative by Brand"
1049284045,"Swarovski"
1049284045,"Figurines"
1049284618,"Collectibles"
1049284618,"Pop Culture"
1049284618,"Pez"
1049284618,"Other Pez"
1049285107,"Collectibles"
1049285107,"Pop Culture"
1049285107,"Comics"
1049285107,"Newspaper Comics"
1049285211,"Collectibles"
1049285211,"Decorative & Holiday"
1049285211,"Decorative by Brand"
1049285211,"Lenox"
1049285211,"Other Lenox Collectibles"
1049287171,"Collectibles"
1049287171,"Pop Culture"
1049287171,"Comics"
1049287171,"Modern Age (1980-Now)"
1049287171,"Horror, Sci-Fi"
1049287372,"Collectibles"
1049287372,"Advertising"
1049287372,"Candy & Nuts"
1049287372,"Life Savers"
1049288906,"Collectibles"
1049288906,"Housewares & Kitchenware"
1049288906,"Kitchenware"
1049288906,"Other Kitchenware"
1049289308,"Collectibles"
1049289308,"Pop Culture"
1049289308,"Comics"
1049289308,"Modern Age (1980-Now)"
1049289308,"Cartoon Character"
1049291925,"Collectibles"
1049291925,"Housewares & Kitchenware"
1049291925,"Textiles"
1049291925,"Bed & Bath Linens"
1049291925,"Bedspreads"
1049292630,"Collectibles"
1049292630,"Housewares & Kitchenware"
1049292630,"Kitchenware"
1049292630,"Mugs"
1049293320,"Collectibles"
1049293320,"Pop Culture"
1049293320,"Comics"
1049293320,"Modern Age (1980-Now)"
1049293320,"Superhero"
1049296300,"Collectibles"
1049296300,"Decorative & Holiday"
1049296300,"Decorative by Brand"
1049296300,"Thomas Kinkade"
1049296300,"Other Kinkade Collectibles"
1049296480,"Collectibles"
1049296480,"Pop Culture"
1049296480,"Trading Cards"
1049296480,"Phone Cards"
1049296838,"Collectibles"
1049296838,"Pop Culture"
1049296838,"Comics"
1049296838,"Full Runs"
1049297176,"Collectibles"
1049297176,"Housewares & Kitchenware"
1049297176,"Kitchenware"
1049297176,"Other Kitchenware"
1049298216,"Collectibles"
1049298216,"Pop Culture"
1049298216,"Comics"
1049298216,"Other Comics"
1049298311,"Collectibles"
1049298311,"Pop Culture"
1049298311,"Comics"
1049298311,"Other Comics"
1049299413,"Collectibles"
1049299413,"Decorative & Holiday"
1049299413,"Decorative by Brand"
1049299413,"Thomas Kinkade"
1049299413,"Other Kinkade Collectibles"
1049299579,"Collectibles"
1049299579,"Decorative & Holiday"
1049299579,"Decorative by Brand"
1049299579,"Lefton Figurines"
1049299761,"Collectibles"
1049299761,"Pop Culture"
1049299761,"Comics"
1049299761,"Modern Age (1980-Now)"
1049299761,"Cartoon Character"
1049301401,"Collectibles"
1049301401,"Pop Culture"
1049301401,"Comics"
1049301401,"Other Comics"
1049301445,"Collectibles"
1049301445,"Pop Culture"
1049301445,"Comics"
1049301445,"Other Comics"
1049301500,"Collectibles"
1049301500,"Pop Culture"
1049301500,"Comics"
1049301500,"Other Comics"
1049302991,"Collectibles"
1049302991,"Housewares & Kitchenware"
1049302991,"Metalware"
1049302991,"Cast Iron"
1049303147,"Collectibles"
1049303147,"Housewares & Kitchenware"
1049303147,"Kitchenware"
1049303147,"Other Kitchenware"
1049304148,"Collectibles"
1049304148,"Pop Culture"
1049304148,"Pez"
1049304148,"Other Pez"
1049304987,"Collectibles"
1049304987,"Pop Culture"
1049304987,"Lunchboxes, Thermoses"
1049304987,"Vintage Metal"
1049309901,"Collectibles"
1049309901,"Pop Culture"
1049309901,"Trading Cards"
1049309901,"Other Non-Sports"
1049311763,"Collectibles"
1049311763,"Pop Culture"
1049311763,"Comics"
1049311763,"Modern Age (1980-Now)"
1049311763,"Other Modern Age"
1049314567,"Collectibles"
1049314567,"Housewares & Kitchenware"
1049314567,"Kitchenware"
1049314567,"Tupperware"
1049314567,"Contemporary (1970-Now)"
1049315241,"Collectibles"
1049315241,"Housewares & Kitchenware"
1049315241,"Barware"
1049315241,"Corkscrews"
1049315375,"Collectibles"
1049315375,"Pop Culture"
1049315375,"Comics"
1049315375,"Modern Age (1980-Now)"
1049315375,"Movie, TV"
1049315702,"Collectibles"
1049315702,"Pop Culture"
1049315702,"Comics"
1049315702,"Bronze Age (1970-79)"
1049315702,"Superhero"
1049317568,"Collectibles"
1049317568,"Housewares & Kitchenware"
1049317568,"Tableware"
1049317568,"Melamine, Melmac"
1049317568,"Other Melamine Items"
1049317999,"Collectibles"
1049317999,"Pop Culture"
1049317999,"Trading Cards"
1049317999,"Other Non-Sports"
1049318120,"Collectibles"
1049318120,"Housewares & Kitchenware"
1049318120,"Kitchenware"
1049318120,"Other Kitchenware"
1049318677,"Collectibles"
1049318677,"Pop Culture"
1049318677,"Comics"
1049318677,"Modern Age (1980-Now)"
1049318677,"Other Modern Age"
1049319763,"Collectibles"
1049319763,"Pop Culture"
1049319763,"Comics"
1049319763,"Modern Age (1980-Now)"
1049319763,"Cartoon Character"
1049323939,"Collectibles"
1049323939,"Pop Culture"
1049323939,"Trading Cards"
1049323939,"Other Non-Sports"
1049324532,"Collectibles"
1049324532,"Pop Culture"
1049324532,"Comics"
1049324532,"Modern Age (1980-Now)"
1049324532,"Alternative, Underground"
1049325915,"Collectibles"
1049325915,"Pop Culture"
1049325915,"Comics"
1049325915,"Modern Age (1980-Now)"
1049325915,"Horror, Sci-Fi"
1049327094,"Collectibles"
1049327094,"Decorative & Holiday"
1049327094,"Decorative by Brand"
1049327094,"Norman Rockwell"
1049327094,"Other Norman Rockwell Items"
1049327549,"Collectibles"
1049327549,"Pop Culture"
1049327549,"Magic"
1049327549,"Other Magic Items"
1049327587,"Collectibles"
1049327587,"Pop Culture"
1049327587,"Comics"
1049327587,"Figurines"
1049328338,"Collectibles"
1049328338,"Housewares & Kitchenware"
1049328338,"Metalware"
1049328338,"Pewter"
1049329388,"Collectibles"
1049329388,"Decorative & Holiday"
1049329388,"Decorative by Brand"
1049329388,"Hallmark"
1049329388,"Other Hallmark Collectibles"
1049331675,"Collectibles"
1049331675,"Housewares & Kitchenware"
1049331675,"Textiles"
1049331675,"Quilts"
1049331813,"Collectibles"
1049331813,"Pop Culture"
1049331813,"Science Fiction"
1049331813,"Other Sci-Fi"
1049333632,"Collectibles"
1049333632,"Housewares & Kitchenware"
1049333632,"Irons"
1049333898,"Collectibles"
1049333898,"Decorative & Holiday"
1049333898,"Decorative by Brand"
1049333898,"Hallmark"
1049333898,"Ornaments"
1049334760,"Collectibles"
1049334760,"Pop Culture"
1049334760,"Comics"
1049334760,"Graphic Novels, TPBs"
1049336149,"Collectibles"
1049336149,"Pop Culture"
1049336149,"Trading Cards"
1049336149,"Science Fiction"
1049336149,"Star Wars"
1049338330,"Collectibles"
1049338330,"Housewares & Kitchenware"
1049338330,"Textiles"
1049338330,"Kitchen Textiles"
1049338330,"Towels"
1049338429,"Collectibles"
1049338429,"Housewares & Kitchenware"
1049338429,"Kitchenware"
1049338429,"Other Kitchenware"
1049340070,"Collectibles"
1049340070,"Housewares & Kitchenware"
1049340070,"Barware"
1049340070,"Other Barware"
1049340438,"Collectibles"
1049340438,"Pop Culture"
1049340438,"Magic"
1049340438,"Tricks"
1049341774,"Collectibles"
1049341774,"Decorative & Holiday"
1049341774,"Decorative by Brand"
1049341774,"Bing & Grondahl Coll Plates"
1049341849,"Collectibles"
1049341849,"Pop Culture"
1049341849,"Comics"
1049341849,"Modern Age (1980-Now)"
1049341849,"Alternative, Underground"
1049342023,"Collectibles"
1049342023,"Decorative & Holiday"
1049342023,"Decorative by Brand"
1049342023,"Enesco"
1049342023,"Precious Moments"
1049343181,"Collectibles"
1049343181,"Pop Culture"
1049343181,"Comics"
1049343181,"Modern Age (1980-Now)"
1049343181,"Other Modern Age"
1049345188,"Collectibles"
1049345188,"Pop Culture"
1049345188,"Science Fiction"
1049345188,"Star Trek"
1049346466,"Collectibles"
1049346466,"Decorative & Holiday"
1049346466,"Decorative by Brand"
1049346466,"Avon"
1049346466,"Collector Plates"
1049348844,"Collectibles"
1049348844,"Housewares & Kitchenware"
1049348844,"Tableware"
1049348844,"Other Tableware"
1049351134,"Collectibles"
1049351134,"Housewares & Kitchenware"
1049351134,"Magnets"
1049352002,"Collectibles"
1049352002,"Pop Culture"
1049352002,"Keychains"
1049352211,"Collectibles"
1049352211,"Decorative & Holiday"
1049352211,"Decorative by Brand"
1049352211,"Willitts"
1049352211,"Just the Right Shoe"
1049352756,"Collectibles"
1049352756,"Pop Culture"
1049352756,"Comics"
1049352756,"Modern Age (1980-Now)"
1049352756,"Alternative, Underground"
1049354453,"Collectibles"
1049354453,"Housewares & Kitchenware"
1049354453,"Kitchenware"
1049354453,"Tupperware"
1049354453,"Vintage (Pre-1970)"
1049354704,"Collectibles"
1049354704,"Decorative & Holiday"
1049354704,"Decorative by Brand"
1049354704,"Enesco"
1049354704,"Pretty as a Picture"
1049356094,"Collectibles"
1049356094,"Pop Culture"
1049356094,"Trading Cards"
1049356094,"Other Non-Sports"
1049356229,"Collectibles"
1049356229,"Pop Culture"
1049356229,"Comics"
1049356229,"Golden Age (1938-55)"
1049356229,"Other Golden Age"
1049358715,"Collectibles"
1049358715,"Pop Culture"
1049358715,"Comics"
1049358715,"Modern Age (1980-Now)"
1049358715,"Superhero"
1049360342,"Collectibles"
1049360342,"Pop Culture"
1049360342,"Comics"
1049360342,"Modern Age (1980-Now)"
1049360342,"Superhero"
1049360416,"Collectibles"
1049360416,"Pop Culture"
1049360416,"Comics"
1049360416,"Silver Age (1956-69)"
1049360416,"Superhero"
1049361196,"Collectibles"
1049361196,"Housewares & Kitchenware"
1049361196,"Metalware"
1049361196,"Cast Iron"
1049361793,"Collectibles"
1049361793,"Decorative & Holiday"
1049361793,"Decorative by Brand"
1049361793,"Avon"
1049361793,"Bottles"
1049362152,"Collectibles"
1049362152,"Pop Culture"
1049362152,"Nodders"
1049362152,"Vintage (Pre-1970)"
1049362458,"Collectibles"
1049362458,"Pop Culture"
1049362458,"Comics"
1049362458,"Silver Age (1956-69)"
1049362458,"Superhero"
1049362705,"Collectibles"
1049362705,"Housewares & Kitchenware"
1049362705,"Bottles: Antique (Pre-1900)"
1049362705,"Medicines, Cures"
1049362874,"Collectibles"
1049362874,"Pop Culture"
1049362874,"Comics"
1049362874,"Modern Age (1980-Now)"
1049362874,"Horror, Sci-Fi"
1049363251,"Collectibles"
1049363251,"Decorative & Holiday"
1049363251,"Decorative by Brand"
1049363251,"Enesco"
1049363251,"Precious Moments"
1049363929,"Collectibles"
1049363929,"Housewares & Kitchenware"
1049363929,"Metalware"
1049363929,"Sterling Silver"
1049365100,"Collectibles"
1049365100,"Decorative & Holiday"
1049365100,"Decorative by Brand"
1049365100,"Enesco"
1049365100,"Precious Moments"
1049365224,"Collectibles"
1049365224,"Housewares & Kitchenware"
1049365224,"Kitchenware"
1049365224,"Cookware"
1049365224,"Cast Iron"
1049365515,"Collectibles"
1049365515,"Pop Culture"
1049365515,"Comics"
1049365515,"Bronze Age (1970-79)"
1049365515,"Superhero"
1049365594,"Collectibles"
1049365594,"Pop Culture"
1049365594,"Science Fiction"
1049365594,"Star Trek"
1049365663,"Collectibles"
1049365663,"Decorative & Holiday"
1049365663,"Decorative by Brand"
1049365663,"Roman"
1049365663,"Seraphim Classics"
1049365778,"Collectibles"
1049365778,"Decorative & Holiday"
1049365778,"Decorative by Brand"
1049365778,"Enesco"
1049365778,"Cherished Teddies"
1049367142,"Collectibles"
1049367142,"Decorative & Holiday"
1049367142,"Decorative by Brand"
1049367142,"Enesco"
1049367142,"Other Enesco Items"
1049367334,"Collectibles"
1049367334,"Decorative & Holiday"
1049367334,"Decorative by Brand"
1049367334,"Enesco"
1049367334,"Precious Moments"
1049367622,"Collectibles"
1049367622,"Housewares & Kitchenware"
1049367622,"Metalware"
1049367622,"Silverplate"
1049368693,"Collectibles"
1049368693,"Pop Culture"
1049368693,"Comics"
1049368693,"Golden Age (1938-55)"
1049368693,"Superhero"
1049369087,"Collectibles"
1049369087,"Pop Culture"
1049369087,"Comics"
1049369087,"Silver Age (1956-69)"
1049369087,"Superhero"
1049371332,"Collectibles"
1049371332,"Housewares & Kitchenware"
1049371332,"Bottles: Antique (Pre-1900)"
1049371332,"Medicines, Cures"
1049371429,"Collectibles"
1049371429,"Decorative & Holiday"
1049371429,"Decorative by Brand"
1049371429,"Dept 56"
1049371429,"Heritage Village"
1049372078,"Collectibles"
1049372078,"Pop Culture"
1049372078,"Comics"
1049372078,"Figurines"
1049376698,"Collectibles"
1049376698,"Pop Culture"
1049376698,"Trading Cards"
1049376698,"Other Non-Sports"
1049377118,"Collectibles"
1049377118,"Housewares & Kitchenware"
1049377118,"Bottles: Modern (1900-Now)"
1049377118,"Sodas"
1049378051,"Collectibles"
1049378051,"Pop Culture"
1049378051,"Comics"
1049378051,"Bronze Age (1970-79)"
1049378051,"Superhero"
1049379021,"Collectibles"
1049379021,"Housewares & Kitchenware"
1049379021,"Barware"
1049379021,"Coasters"
1049379186,"Collectibles"
1049379186,"Pop Culture"
1049379186,"Trading Cards"
1049379186,"Other Non-Sports"
1049382063,"Collectibles"
1049382063,"Decorative & Holiday"
1049382063,"Decorative by Brand"
1049382063,"Byers Choice"
1049383226,"Collectibles"
1049383226,"Decorative & Holiday"
1049383226,"Decorative by Brand"
1049383226,"PartyLite"
1049384656,"Collectibles"
1049384656,"Housewares & Kitchenware"
1049384656,"Textiles"
1049384656,"Kitchen Textiles"
1049384656,"Other Kitchen Textiles"
1049384711,"Collectibles"
1049384711,"Pop Culture"
1049384711,"Trading Cards"
1049384711,"Phone Cards"
1049386100,"Collectibles"
1049386100,"Decorative & Holiday"
1049386100,"Decorative by Brand"
1049386100,"Dept 56"
1049386100,"Snow Village"
1049386180,"Collectibles"
1049386180,"Pop Culture"
1049386180,"Science Fiction"
1049386180,"Dr. Who"
1049387067,"Collectibles"
1049387067,"Pop Culture"
1049387067,"Comics"
1049387067,"Modern Age (1980-Now)"
1049387067,"Superhero"
1049388319,"Collectibles"
1049388319,"Housewares & Kitchenware"
1049388319,"Bottles: Antique (Pre-1900)"
1049388319,"Medicines, Cures"
1049388455,"Collectibles"
1049388455,"Decorative & Holiday"
1049388455,"Decorative by Brand"
1049388455,"Hallmark"
1049388455,"Series Ornaments"
1049392591,"Collectibles"
1049392591,"Housewares & Kitchenware"
1049392591,"Barware"
1049392591,"Decanters"
1049394288,"Collectibles"
1049394288,"Housewares & Kitchenware"
1049394288,"Kitchenware"
1049394288,"Pie Birds"
1049394647,"Collectibles"
1049394647,"Pop Culture"
1049394647,"Comics"
1049394647,"Magazines"
1049394647,"Other Magazines"
1049394655,"Collectibles"
1049394655,"Housewares & Kitchenware"
1049394655,"Textiles"
1049394655,"Table Linens"
1049394655,"Tablecloths"
1049395730,"Collectibles"
1049395730,"Pop Culture"
1049395730,"Comics"
1049395730,"Newspaper Comics"
1049396090,"Collectibles"
1049396090,"Housewares & Kitchenware"
1049396090,"Kitchenware"
1049396090,"Trivets"
1049396672,"Clothing & Accessories"
1049396672,"Men"
1049396672,"Accessories"
1049396672,"Hats"
1049398328,"Collectibles"
1049398328,"Decorative & Holiday"
1049398328,"Decorative by Brand"
1049398328,"Longaberger"
1049398328,"Other Longaberger Items"
1049399402,"Collectibles"
1049399402,"Decorative & Holiday"
1049399402,"Decorative by Brand"
1049399402,"Avon"
1049399402,"Other Avon Items"
1049399619,"Collectibles"
1049399619,"Pop Culture"
1049399619,"Comics"
1049399619,"Golden Age (1938-55)"
1049399619,"Crime"
1049401776,"Collectibles"
1049401776,"Decorative & Holiday"
1049401776,"Decorative by Brand"
1049401776,"Hallmark"
1049401776,"Ornaments"
1049401782,"Collectibles"
1049401782,"Decorative & Holiday"
1049401782,"Decorative by Brand"
1049401782,"Swarovski"
1049401782,"Ornaments"
1049406004,"Collectibles"
1049406004,"Decorative & Holiday"
1049406004,"Decorative by Brand"
1049406004,"Swarovski"
1049406004,"Ornaments"
1049407429,"Collectibles"
1049407429,"Pop Culture"
1049407429,"Comics"
1049407429,"Golden Age (1938-55)"
1049407429,"Funny Animal"
1049407877,"Collectibles"
1049407877,"Housewares & Kitchenware"
1049407877,"Textiles"
1049407877,"Table Linens"
1049407877,"Tablecloths"
1049408129,"Collectibles"
1049408129,"Pop Culture"
1049408129,"Trading Cards"
1049408129,"Other Non-Sports"
1049408364,"Collectibles"
1049408364,"Housewares & Kitchenware"
1049408364,"Kitchenware"
1049408364,"Other Kitchenware"
1049408553,"Collectibles"
1049408553,"Pop Culture"
1049408553,"Pez"
1049408553,"Other Pez"
1049409315,"Collectibles"
1049409315,"Decorative & Holiday"
1049409315,"Decorative by Brand"
1049409315,"Longaberger"
1049409315,"Tie-ons"
1049410587,"Collectibles"
1049410587,"Decorative & Holiday"
1049410587,"Decorative by Brand"
1049410587,"Longaberger"
1049410587,"Other Longaberger Items"
1049410655,"Clothing & Accessories"
1049410655,"Women"
1049410655,"Misses"
1049410655,"Other Items"
1049410935,"Collectibles"
1049410935,"Pop Culture"
1049410935,"Lunchboxes, Thermoses"
1049410935,"Vintage Plastic"
1049411020,"Clothing & Accessories"
1049411020,"Women"
1049411020,"Misses"
1049411020,"Other Items"
1049411277,"Collectibles"
1049411277,"Decorative & Holiday"
1049411277,"Decorative by Brand"
1049411277,"Dept 56"
1049411277,"Snowbabies"
1049412132,"Collectibles"
1049412132,"Housewares & Kitchenware"
1049412132,"Bottles: Antique (Pre-1900)"
1049412132,"Inks"
1049412266,"Collectibles"
1049412266,"Decorative & Holiday"
1049412266,"Decorative by Brand"
1049412266,"Hallmark"
1049412266,"Ornaments"
1049413188,"Collectibles"
1049413188,"Pop Culture"
1049413188,"Comics"
1049413188,"Original Comic Art"
1049413188,"Other Original Art"
1049413931,"Collectibles"
1049413931,"Housewares & Kitchenware"
1049413931,"Metalware"
1049413931,"Other Metalware"
1049414468,"Collectibles"
1049414468,"Housewares & Kitchenware"
1049414468,"Barware"
1049414468,"Other Barware"
1049414935,"Collectibles"
1049414935,"Pop Culture"
1049414935,"Comics"
1049414935,"Full Runs"
1049414991,"Collectibles"
1049414991,"Housewares & Kitchenware"
1049414991,"Kitchenware"
1049414991,"Canisters"
1049415501,"Collectibles"
1049415501,"Pop Culture"
1049415501,"Comics"
1049415501,"Modern Age (1980-Now)"
1049415501,"Superhero"
1049415890,"Clothing & Accessories"
1049415890,"Personal Care"
1049415890,"Body Care"
1049415890,"Shavers"
1049416367,"Collectibles"
1049416367,"Pop Culture"
1049416367,"Pinbacks"
1049418521,"Collectibles"
1049418521,"Housewares & Kitchenware"
1049418521,"Bottles: Modern (1900-Now)"
1049418521,"Milk"
1049419430,"Collectibles"
1049419430,"Housewares & Kitchenware"
1049419430,"Metalware"
1049419430,"Silverplate"
1049419454,"Collectibles"
1049419454,"Pop Culture"
1049419454,"Trading Cards"
1049419454,"Other Non-Sports"
1049419966,"Collectibles"
1049419966,"Pop Culture"
1049419966,"Comics"
1049419966,"Modern Age (1980-Now)"
1049419966,"Horror, Sci-Fi"
1049420829,"Collectibles"
1049420829,"Decorative & Holiday"
1049420829,"Decorative by Brand"
1049420829,"Avon"
1049420829,"Other Avon Items"
1049421881,"Collectibles"
1049421881,"Pop Culture"
1049421881,"Comics"
1049421881,"Modern Age (1980-Now)"
1049421881,"Superhero"
1049422875,"Collectibles"
1049422875,"Pop Culture"
1049422875,"Trading Cards"
1049422875,"Other Non-Sports"
1049423860,"Collectibles"
1049423860,"Housewares & Kitchenware"
1049423860,"Magnets"
1049423941,"Collectibles"
1049423941,"Pop Culture"
1049423941,"Nodders"
1049423941,"Modern (1970-Now)"
1049424297,"Collectibles"
1049424297,"Decorative & Holiday"
1049424297,"Decorative by Brand"
1049424297,"Longaberger"
1049424297,"Other Longaberger Items"
1049424879,"Clothing & Accessories"
1049424879,"Women"
1049424879,"Footwear"
1049424879,"Other Footwear"
1049425207,"Collectibles"
1049425207,"Decorative & Holiday"
1049425207,"Decorative by Brand"
1049425207,"Longaberger"
1049425207,"Other Longaberger Items"
1049425652,"Collectibles"
1049425652,"Decorative & Holiday"
1049425652,"Decorative by Brand"
1049425652,"Hallmark"
1049425652,"Ornaments"
1049426042,"Collectibles"
1049426042,"Pop Culture"
1049426042,"Trading Cards"
1049426042,"Science Fiction"
1049426042,"Star Wars"
1049427022,"Collectibles"
1049427022,"Decorative & Holiday"
1049427022,"Decorative by Brand"
1049427022,"Hallmark"
1049427022,"Miniature Ornaments"
1049427120,"Collectibles"
1049427120,"Pop Culture"
1049427120,"Lunchboxes, Thermoses"
1049427120,"Contemporary Metal"
1049427153,"Collectibles"
1049427153,"Pop Culture"
1049427153,"Nodders"
1049427153,"Modern (1970-Now)"
1049427282,"Collectibles"
1049427282,"Decorative & Holiday"
1049427282,"Decorative by Brand"
1049427282,"Christopher Radko"
1049427676,"Collectibles"
1049427676,"Decorative & Holiday"
1049427676,"Decorative by Brand"
1049427676,"Longaberger"
1049427676,"Other Longaberger Items"
1049427906,"Collectibles"
1049427906,"Decorative & Holiday"
1049427906,"Decorative by Brand"
1049427906,"Hallmark"
1049427906,"Series Ornaments"
1049427940,"Collectibles"
1049427940,"Decorative & Holiday"
1049427940,"Decorative by Brand"
1049427940,"Christopher Radko"
1049428068,"Collectibles"
1049428068,"Pop Culture"
1049428068,"Trading Cards"
1049428068,"Other Non-Sports"
1049428467,"Collectibles"
1049428467,"Pop Culture"
1049428467,"Comics"
1049428467,"Modern Age (1980-Now)"
1049428467,"Other Modern Age"
1049428966,"Collectibles"
1049428966,"Housewares & Kitchenware"
1049428966,"Textiles"
1049428966,"Table Linens"
1049428966,"Tablecloths"
1049430398,"Collectibles"
1049430398,"Decorative & Holiday"
1049430398,"Decorative by Brand"
1049430398,"Longaberger"
1049430398,"Liners"
1049430907,"Collectibles"
1049430907,"Pop Culture"
1049430907,"Comics"
1049430907,"Graphic Novels, TPBs"
1049431114,"Collectibles"
1049431114,"Housewares & Kitchenware"
1049431114,"Kitchenware"
1049431114,"Salt, Pepper Shakers"
1049431114,"Figurals"
1049431969,"Collectibles"
1049431969,"Housewares & Kitchenware"
1049431969,"Kitchenware"
1049431969,"Cookie Jars"
1049431969,"Modern (1970-Now)"
1049433157,"Collectibles"
1049433157,"Pop Culture"
1049433157,"Trading Cards"
1049433157,"Science Fiction"
1049433157,"Star Wars"
1049435035,"Collectibles"
1049435035,"Pop Culture"
1049435035,"Comics"
1049435035,"Silver Age (1956-69)"
1049435035,"Superhero"
1049435128,"Collectibles"
1049435128,"Pop Culture"
1049435128,"Comics"
1049435128,"Original Comic Art"
1049435128,"Paintings"
1049435224,"Collectibles"
1049435224,"Decorative & Holiday"
1049435224,"Decorative by Brand"
1049435224,"Hallmark"
1049435224,"Ornaments"
1049437715,"Collectibles"
1049437715,"Pop Culture"
1049437715,"Comics"
1049437715,"Full Runs"
1049438955,"Collectibles"
1049438955,"Pop Culture"
1049438955,"Pinbacks"
1049439152,"Collectibles"
1049439152,"Housewares & Kitchenware"
1049439152,"Kitchenware"
1049439152,"Cookie Cutters"
1049439197,"Collectibles"
1049439197,"Decorative & Holiday"
1049439197,"Decorative by Brand"
1049439197,"PartyLite"
1049441551,"Collectibles"
1049441551,"Decorative & Holiday"
1049441551,"Decorative by Brand"
1049441551,"Hallmark"
1049441551,"Series Ornaments"
1049442081,"Collectibles"
1049442081,"Housewares & Kitchenware"
1049442081,"Kitchenware"
1049442081,"Tupperware"
1049442081,"Contemporary (1970-Now)"
1049442284,"Collectibles"
1049442284,"Decorative & Holiday"
1049442284,"Decorative by Brand"
1049442284,"Dept 56"
1049442284,"North Pole"
1049442921,"Sports"
1049442921,"Memorabilia"
1049442921,"Golf-PGA"
1049444850,"Collectibles"
1049444850,"Decorative & Holiday"
1049444850,"Decorative by Brand"
1049444850,"Dept 56"
1049444850,"Other Dept 56 Items"
1049445080,"Collectibles"
1049445080,"Pop Culture"
1049445080,"Comics"
1049445080,"Modern Age (1980-Now)"
1049445080,"Other Modern Age"
1049445771,"Collectibles"
1049445771,"Pop Culture"
1049445771,"Comics"
1049445771,"Silver Age (1956-69)"
1049445771,"Superhero"
1049445917,"Collectibles"
1049445917,"Pop Culture"
1049445917,"Trading Cards"
1049445917,"Other Non-Sports"
1049446294,"Collectibles"
1049446294,"Decorative & Holiday"
1049446294,"Decorative by Brand"
1049446294,"Hallmark"
1049446294,"Series Ornaments"
1049446902,"Collectibles"
1049446902,"Decorative & Holiday"
1049446902,"Decorative by Brand"
1049446902,"HOMCO"
1049447195,"Collectibles"
1049447195,"Pop Culture"
1049447195,"Comics"
1049447195,"Collections"
1049448561,"Collectibles"
1049448561,"Pop Culture"
1049448561,"Trading Cards"
1049448561,"Other Non-Sports"
1049449072,"Collectibles"
1049449072,"Pop Culture"
1049449072,"Comics"
1049449072,"Modern Age (1980-Now)"
1049449072,"Superhero"
1049449196,"Collectibles"
1049449196,"Housewares & Kitchenware"
1049449196,"Bottles: Antique (Pre-1900)"
1049449196,"Medicines, Cures"
1049449432,"Collectibles"
1049449432,"Pop Culture"
1049449432,"Magic"
1049449432,"Tricks"
1049450622,"Collectibles"
1049450622,"Pop Culture"
1049450622,"Comics"
1049450622,"Modern Age (1980-Now)"
1049450622,"Superhero"
1049451558,"Collectibles"
1049451558,"Housewares & Kitchenware"
1049451558,"Metalware"
1049451558,"Cast Iron"
1049452586,"Collectibles"
1049452586,"Housewares & Kitchenware"
1049452586,"Textiles"
1049452586,"Fabric"
1049455051,"Collectibles"
1049455051,"Decorative & Holiday"
1049455051,"Decorative by Brand"
1049455051,"Christopher Radko"
1049455425,"Collectibles"
1049455425,"Decorative & Holiday"
1049455425,"Decorative by Brand"
1049455425,"Mary Engelbreit"
1049455590,"Collectibles"
1049455590,"Housewares & Kitchenware"
1049455590,"Metalware"
1049455590,"Cast Iron"
1049455849,"Collectibles"
1049455849,"Pop Culture"
1049455849,"Trading Cards"
1049455849,"Other Non-Sports"
1049456391,"Collectibles"
1049456391,"Decorative & Holiday"
1049456391,"Decorative by Brand"
1049456391,"Hallmark"
1049456391,"Ornaments"
1049457947,"Collectibles"
1049457947,"Decorative & Holiday"
1049457947,"Decorative by Brand"
1049457947,"PartyLite"
1049458024,"Collectibles"
1049458024,"Pop Culture"
1049458024,"Comics"
1049458024,"Figurines"
1049460399,"Collectibles"
1049460399,"Housewares & Kitchenware"
1049460399,"Kitchenware"
1049460399,"Salt, Pepper Shakers"
1049460399,"Other Shakers"
1049461431,"Collectibles"
1049461431,"Pop Culture"
1049461431,"Comics"
1049461431,"Modern Age (1980-Now)"
1049461431,"Superhero"
1049461854,"Collectibles"
1049461854,"Transportation"
1049461854,"Automobilia"
1049461854,"License Plates"
1049461854,"US: Colorado"
1049462131,"Collectibles"
1049462131,"Pop Culture"
1049462131,"Comics"
1049462131,"Bronze Age (1970-79)"
1049462131,"Superhero"
1049463397,"Collectibles"
1049463397,"Pop Culture"
1049463397,"Lunchboxes, Thermoses"
1049463397,"Contemporary Plastic"
1049463517,"Collectibles"
1049463517,"Decorative & Holiday"
1049463517,"Decorative by Brand"
1049463517,"Hallmark"
1049463517,"Ornaments"
1049465686,"Collectibles"
1049465686,"Pop Culture"
1049465686,"Nodders"
1049465686,"Modern (1970-Now)"
1049466766,"Collectibles"
1049466766,"Decorative & Holiday"
1049466766,"Decorative by Brand"
1049466766,"Hallmark"
1049466766,"Other Hallmark Collectibles"
1049466797,"Collectibles"
1049466797,"Pop Culture"
1049466797,"Comics"
1049466797,"Bronze Age (1970-79)"
1049466797,"Other Bronze Age"
1049466959,"Collectibles"
1049466959,"Decorative & Holiday"
1049466959,"Decorative by Brand"
1049466959,"Enesco"
1049466959,"Precious Moments"
1049467077,"Collectibles"
1049467077,"Pop Culture"
1049467077,"Nodders"
1049467077,"Modern (1970-Now)"
1049467323,"Collectibles"
1049467323,"Decorative & Holiday"
1049467323,"Decorative by Brand"
1049467323,"Avon"
1049467323,"Collector Plates"
1049467906,"Collectibles"
1049467906,"Decorative & Holiday"
1049467906,"Decorative by Brand"
1049467906,"Charming Tails"
1049468028,"Collectibles"
1049468028,"Pop Culture"
1049468028,"Comics"
1049468028,"Silver Age (1956-69)"
1049468028,"Superhero"
1049468820,"Collectibles"
1049468820,"Housewares & Kitchenware"
1049468820,"Kitchenware"
1049468820,"Cookie Jars"
1049468820,"Modern (1970-Now)"
1049469256,"Collectibles"
1049469256,"Pop Culture"
1049469256,"Comics"
1049469256,"Modern Age (1980-Now)"
1049469256,"Superhero"
1049469346,"Collectibles"
1049469346,"Decorative & Holiday"
1049469346,"Decorative by Brand"
1049469346,"Hallmark"
1049469346,"Ornaments"
1049469362,"Collectibles"
1049469362,"Pop Culture"
1049469362,"Science Fiction"
1049469362,"X-Files"
1049471193,"Collectibles"
1049471193,"Decorative & Holiday"
1049471193,"Decorative by Brand"
1049471193,"PartyLite"
1049471522,"Collectibles"
1049471522,"Pop Culture"
1049471522,"Comics"
1049471522,"Bronze Age (1970-79)"
1049471522,"Horror, Sci-Fi"
1049471876,"Collectibles"
1049471876,"Decorative & Holiday"
1049471876,"Decorative by Brand"
1049471876,"Longaberger"
1049471876,"Baskets"
1049471904,"Collectibles"
1049471904,"Housewares & Kitchenware"
1049471904,"Kitchenware"
1049471904,"Bakeware"
1049472155,"Collectibles"
1049472155,"Decorative & Holiday"
1049472155,"Decorative by Brand"
1049472155,"PartyLite"
1049473575,"Collectibles"
1049473575,"Decorative & Holiday"
1049473575,"Decorative by Brand"
1049473575,"Willitts"
1049473575,"Just the Right Shoe"
1049473775,"Collectibles"
1049473775,"Decorative & Holiday"
1049473775,"Decorative by Brand"
1049473775,"PartyLite"
1049474170,"Collectibles"
1049474170,"Decorative & Holiday"
1049474170,"Decorative by Brand"
1049474170,"PartyLite"
1049475711,"Collectibles"
1049475711,"Pop Culture"
1049475711,"Science Fiction"
1049475711,"Godzilla"
1049476064,"Collectibles"
1049476064,"Pop Culture"
1049476064,"Comics"
1049476064,"Modern Age (1980-Now)"
1049476064,"Other Modern Age"
1049476449,"Collectibles"
1049476449,"Decorative & Holiday"
1049476449,"Decorative by Brand"
1049476449,"Franklin Mint"
1049476449,"Collector Plates"
1049478002,"Collectibles"
1049478002,"Pop Culture"
1049478002,"Trading Cards"
1049478002,"Other Non-Sports"
1049478061,"Collectibles"
1049478061,"Pop Culture"
1049478061,"Trading Cards"
1049478061,"Other Non-Sports"
1049478207,"Collectibles"
1049478207,"Pop Culture"
1049478207,"Comics"
1049478207,"Figurines"
1049478897,"Collectibles"
1049478897,"Pop Culture"
1049478897,"Nodders"
1049478897,"Modern (1970-Now)"
1049478917,"Collectibles"
1049478917,"Housewares & Kitchenware"
1049478917,"Kitchenware"
1049478917,"Salt, Pepper Shakers"
1049478917,"Figurals"
1049479143,"Collectibles"
1049479143,"Pop Culture"
1049479143,"Comics"
1049479143,"Graphic Novels, TPBs"
1049481048,"Movies & Television"
1049481048,"Video, Film"
1049481048,"DVD"
1049481048,"Martial Arts"
1049481404,"Collectibles"
1049481404,"Pop Culture"
1049481404,"Science Fiction"
1049481404,"Xena"
1049481602,"Collectibles"
1049481602,"Decorative & Holiday"
1049481602,"Decorative by Brand"
1049481602,"Dept 56"
1049481602,"Other Dept 56 Items"
1049481966,"Collectibles"
1049481966,"Pop Culture"
1049481966,"Comics"
1049481966,"Modern Age (1980-Now)"
1049481966,"Superhero"
1049481983,"Collectibles"
1049481983,"Pop Culture"
1049481983,"Trading Cards"
1049481983,"Science Fiction"
1049481983,"Star Wars"
1049482147,"Collectibles"
1049482147,"Decorative & Holiday"
1049482147,"Decorative by Brand"
1049482147,"Hallmark"
1049482147,"Other Hallmark Collectibles"
1049483403,"Collectibles"
1049483403,"Housewares & Kitchenware"
1049483403,"Barware"
1049483403,"Decanters"
1049483468,"Computers"
1049483468,"Input Peripherals"
1049483468,"Mousepads"
1049484036,"Clothing & Accessories"
1049484036,"Women"
1049484036,"Accessories"
1049484036,"Handbags"
1049484036,"Casual, Daytime"
1049484036,"Shoulder Bags"
1049484820,"Collectibles"
1049484820,"Pop Culture"
1049484820,"Trading Cards"
1049484820,"Science Fiction"
1049484820,"Babylon 5"
1049485057,"Collectibles"
1049485057,"Housewares & Kitchenware"
1049485057,"Kitchenware"
1049485057,"Bakeware"
1049485254,"Collectibles"
1049485254,"Housewares & Kitchenware"
1049485254,"Textiles"
1049485254,"Fabric"
1049485719,"Collectibles"
1049485719,"Pop Culture"
1049485719,"Trading Cards"
1049485719,"Other Non-Sports"
1049485760,"Collectibles"
1049485760,"Pop Culture"
1049485760,"Science Fiction"
1049485760,"Other Sci-Fi"
1049486657,"Collectibles"
1049486657,"Housewares & Kitchenware"
1049486657,"Textiles"
1049486657,"Fabric"
1049486814,"Collectibles"
1049486814,"Pop Culture"
1049486814,"Science Fiction"
1049486814,"Other Sci-Fi"
1049486894,"Collectibles"
1049486894,"Housewares & Kitchenware"
1049486894,"Metalware"
1049486894,"Pewter"
1049486945,"Collectibles"
1049486945,"Pop Culture"
1049486945,"Comics"
1049486945,"Graphic Novels, TPBs"
1049486947,"Collectibles"
1049486947,"Pop Culture"
1049486947,"Comics"
1049486947,"Modern Age (1980-Now)"
1049486947,"Superhero"
1049488019,"Collectibles"
1049488019,"Pop Culture"
1049488019,"Trading Cards"
1049488019,"Science Fiction"
1049488019,"Star Wars"
1049488102,"Collectibles"
1049488102,"Pop Culture"
1049488102,"Keychains"
1049488167,"Collectibles"
1049488167,"Pop Culture"
1049488167,"Trading Cards"
1049488167,"Science Fiction"
1049488167,"Star Wars"
1049488279,"Collectibles"
1049488279,"Housewares & Kitchenware"
1049488279,"Tableware"
1049488279,"Table Accessories"
1049488412,"Collectibles"
1049488412,"Pop Culture"
1049488412,"Trading Cards"
1049488412,"Science Fiction"
1049488412,"Star Wars"
1049488567,"Collectibles"
1049488567,"Decorative & Holiday"
1049488567,"Decorative by Brand"
1049488567,"Longaberger"
1049488567,"Other Longaberger Items"
1049488936,"Collectibles"
1049488936,"Pop Culture"
1049488936,"Trading Cards"
1049488936,"Science Fiction"
1049488936,"Star Wars"
1049489617,"Collectibles"
1049489617,"Pop Culture"
1049489617,"Comics"
1049489617,"Original Comic Art"
1049489617,"Other Original Art"
1049490374,"Collectibles"
1049490374,"Pop Culture"
1049490374,"Nodders"
1049490374,"Modern (1970-Now)"
1049491237,"Collectibles"
1049491237,"Decorative & Holiday"
1049491237,"Decorative by Brand"
1049491237,"Tom Clark"
1049491407,"Collectibles"
1049491407,"Decorative & Holiday"
1049491407,"Decorative by Brand"
1049491407,"Hallmark"
1049491407,"Ornaments"
1049491790,"Collectibles"
1049491790,"Decorative & Holiday"
1049491790,"Decorative by Brand"
1049491790,"Wade Figurines"
1049492320,"Collectibles"
1049492320,"Housewares & Kitchenware"
1049492320,"Kitchenware"
1049492320,"Bakeware"
1049492739,"Collectibles"
1049492739,"Decorative & Holiday"
1049492739,"Decorative by Brand"
1049492739,"Christopher Radko"
1049494762,"Collectibles"
1049494762,"Decorative & Holiday"
1049494762,"Decorative by Brand"
1049494762,"Boyds"
1049494875,"Collectibles"
1049494875,"Pop Culture"
1049494875,"Pez"
1049494875,"Other Pez"
1049496261,"Collectibles"
1049496261,"Housewares & Kitchenware"
1049496261,"Kitchenware"
1049496261,"Spice Racks, Jars"
1049497362,"Collectibles"
1049497362,"Pop Culture"
1049497362,"Comics"
1049497362,"Silver Age (1956-69)"
1049497362,"Horror, Sci-Fi"
1049497552,"Collectibles"
1049497552,"Decorative & Holiday"
1049497552,"Decorative by Brand"
1049497552,"Avon"
1049497552,"Collector Plates"
1049497688,"Collectibles"
1049497688,"Pop Culture"
1049497688,"Trading Cards"
1049497688,"Science Fiction"
1049497688,"Star Trek"
1049497841,"Collectibles"
1049497841,"Decorative & Holiday"
1049497841,"Decorative by Brand"
1049497841,"HOMCO"
1049499638,"Collectibles"
1049499638,"Decorative & Holiday"
1049499638,"Decorative by Brand"
1049499638,"Christopher Radko"
1049499640,"Collectibles"
1049499640,"Decorative & Holiday"
1049499640,"Decorative by Brand"
1049499640,"Dept 56"
1049499640,"Snowbabies"
1049499641,"Collectibles"
1049499641,"Decorative & Holiday"
1049499641,"Decorative by Brand"
1049499641,"Christopher Radko"
1049499970,"Collectibles"
1049499970,"Housewares & Kitchenware"
1049499970,"Kitchenware"
1049499970,"Small Appliances"
1049499970,"Mixers"
1049500325,"Collectibles"
1049500325,"Decorative & Holiday"
1049500325,"Decorative by Brand"
1049500325,"Tom Clark"
